**********************************having and group by******************************
select * from sal  
where id=1
no data found
Statement 21
select * from sal  
where id=201
ID	SAL	SID
201	200	1
Statement 22
select * fro sal where sal>400
ORA-00923: FROM keyword not found where expected
Statement 23
select * fro sal  
group by sal count(*)
ORA-00923: FROM keyword not found where expected
Statement 24
select * fro sal  
count(sal)
ORA-00923: FROM keyword not found where expected
Statement 25
select sal , min(sal) 
from sal group by id
ORA-00979: not a GROUP BY expression
Statement 26
select sal , min(sal) 
from sal
ORA-00937: not a single-group group function
Statement 27
select sal , min(sal) 
from sal
ORA-00937: not a single-group group function
Statement 28
select  min(sal) from sal
MIN(SAL)
200
Statement 29
select  max(sal) from sal
MAX(SAL)
500
Statement 30
select * from student
ORA-00942: table or view does not exist
Statement 31
select * from emp
EMPID	NAME	CITY	SAL
1	lal	up	200
2	ful	mp	300
3	gul	hp	300
4	gon	go	 - 

4 rows selected.
Statement 32
select sal,count(*) from emp
ORA-00937: not a single-group group function
Statement 33
select sal,count(*) from emp group by sal
SAL	COUNT(*)
200	1
300	2
 - 	1

3 rows selected.
Statement 34
select * from emp
EMPID	NAME	CITY	SAL
1	lal	up	200
2	ful	mp	300
3	gul	hp	300
4	gon	go	 - 

4 rows selected.
Statement 35
select empid,count(*) from emp where city='up'
ORA-00937: not a single-group group function
Statement 36
select empid,count(*) from emp 
ORA-00937: not a single-group group function
Statement 37
select sal,count(*) from emp 
ORA-00937: not a single-group group function
Statement 38
select sal,count(*) from emp group  by sal
SAL	COUNT(*)
200	1
300	2
 - 	1

3 rows selected.
Statement 39
select * from emp
EMPID	NAME	CITY	SAL
1	lal	up	200
2	ful	mp	300
3	gul	hp	300
4	gon	go	 - 

4 rows selected.
Statement 40
select name,count(*) from emp
ORA-00937: not a single-group group function
Statement 41
select name,count(*) from emp group emp
ORA-00924: missing BY keyword
Statement 42
select name,count(*) from emp group by emp
ORA-00904: "EMP": invalid identifier
Statement 43
select name,count(*) from emp 
ORA-00937: not a single-group group function
Statement 44
select count(*) 
from emp where 
sal >300
COUNT(*)
0
Statement 45
select count(*) as not_count 
from emp where 
sal >300
NOT_COUNT
0
Statement 46
select name count(*) from emp
ORA-00923: FROM keyword not found where expected
Statement 47
select  count(*)name from emp
NAME
4
Statement 48
select * from emp
EMPID	NAME	CITY	SAL
1	lal	up	200
2	ful	mp	300
3	gul	hp	300
4	gon	go	 - 

4 rows selected.
Statement 49
select count(*)city from emp
CITY
4
Statement 50
select * from emp
EMPID	NAME	CITY	SAL
1	lal	up	200
2	ful	mp	300
3	gul	hp	300
4	gon	go	 - 

4 rows selected.
Statement 51
select count(*)empid from emp
EMPID
4
Statement 52
select count(*) 
from emp where 
sal > 500
COUNT(*)
0
Statement 53
select * from emp
EMPID	NAME	CITY	SAL
1	lal	up	200
2	ful	mp	300
3	gul	hp	300
4	gon	go	 - 

4 rows selected.
Statement 54
select sal count(*) 
from emp group by sal
ORA-00923: FROM keyword not found where expected
Statement 55
select sal count(*), 
from emp group by sal
ORA-00923: FROM keyword not found where expected
Statement 56
select sal,count(*) 
from emp group by sal
SAL	COUNT(*)
200	1
300	2
 - 	1

3 rows selected.
Statement 57
select sal,count(*) 
from emp group by sal
SAL	COUNT(*)
200	1
300	2
 - 	1

3 rows selected.
Statement 58
select sal,count(*) as salary 
from emp group by sal
SAL	SALARY
200	1
300	2
 - 	1

3 rows selected.
Statement 59
select * from sal
ID	SAL	SID
201	200	1
202	300	2
203	400	3
204	500	4

4 rows selected.
Statement 60
select sal,count(*) 
from sal group by sal
SAL	COUNT(*)
400	1
200	1
300	1
500	1

4 rows selected.
Statement 61
select count(*)sal from sal
SAL
4
Statement 62
select * from sal
ID	SAL	SID
201	200	1
202	300	2
203	400	3
204	500	4

4 rows selected.
Statement 63
select count(*)id from sal
ID
4
Statement 64
select id,count(*) 
from sal group by sal
ORA-00979: not a GROUP BY expressionselect * from sal  
where id=1
no data found
Statement 21
select * from sal  
where id=201
ID	SAL	SID
201	200	1
Statement 22
select * fro sal where sal>400
ORA-00923: FROM keyword not found where expected
Statement 23
select * fro sal  
group by sal count(*)
ORA-00923: FROM keyword not found where expected
Statement 24
select * fro sal  
count(sal)
ORA-00923: FROM keyword not found where expected
Statement 25
select sal , min(sal) 
from sal group by id
ORA-00979: not a GROUP BY expression
Statement 26
select sal , min(sal) 
from sal
ORA-00937: not a single-group group function
Statement 27
select sal , min(sal) 
from sal
ORA-00937: not a single-group group function
Statement 28
select  min(sal) from sal
MIN(SAL)
200
Statement 29
select  max(sal) from sal
MAX(SAL)
500
Statement 30
select * from student
ORA-00942: table or view does not exist
Statement 31
select * from emp
EMPID	NAME	CITY	SAL
1	lal	up	200
2	ful	mp	300
3	gul	hp	300
4	gon	go	 - 

4 rows selected.
Statement 32
select sal,count(*) from emp
ORA-00937: not a single-group group function
Statement 33
select sal,count(*) from emp group by sal
SAL	COUNT(*)
200	1
300	2
 - 	1

3 rows selected.
Statement 34
select * from emp
EMPID	NAME	CITY	SAL
1	lal	up	200
2	ful	mp	300
3	gul	hp	300
4	gon	go	 - 

4 rows selected.
Statement 35
select empid,count(*) from emp where city='up'
ORA-00937: not a single-group group function
Statement 36
select empid,count(*) from emp 
ORA-00937: not a single-group group function
Statement 37
select sal,count(*) from emp 
ORA-00937: not a single-group group function
Statement 38
select sal,count(*) from emp group  by sal
SAL	COUNT(*)
200	1
300	2
 - 	1

3 rows selected.
Statement 39
select * from emp
EMPID	NAME	CITY	SAL
1	lal	up	200
2	ful	mp	300
3	gul	hp	300
4	gon	go	 - 

4 rows selected.
Statement 40
select name,count(*) from emp
ORA-00937: not a single-group group function
Statement 41
select name,count(*) from emp group emp
ORA-00924: missing BY keyword
Statement 42
select name,count(*) from emp group by emp
ORA-00904: "EMP": invalid identifier
Statement 43
select name,count(*) from emp 
ORA-00937: not a single-group group function
Statement 44
select count(*) 
from emp where 
sal >300
COUNT(*)
0
Statement 45
select count(*) as not_count 
from emp where 
sal >300
NOT_COUNT
0
Statement 46
select name count(*) from emp
ORA-00923: FROM keyword not found where expected
Statement 47
select  count(*)name from emp
NAME
4
Statement 48
select * from emp
EMPID	NAME	CITY	SAL
1	lal	up	200
2	ful	mp	300
3	gul	hp	300
4	gon	go	 - 

4 rows selected.
Statement 49
select count(*)city from emp
CITY
4
Statement 50
select * from emp
EMPID	NAME	CITY	SAL
1	lal	up	200
2	ful	mp	300
3	gul	hp	300
4	gon	go	 - 

4 rows selected.
Statement 51
select count(*)empid from emp
EMPID
4
Statement 52
select count(*) 
from emp where 
sal > 500
COUNT(*)
0
Statement 53
select * from emp
EMPID	NAME	CITY	SAL
1	lal	up	200
2	ful	mp	300
3	gul	hp	300
4	gon	go	 - 

4 rows selected.
Statement 54
select sal count(*) 
from emp group by sal
ORA-00923: FROM keyword not found where expected
Statement 55
select sal count(*), 
from emp group by sal
ORA-00923: FROM keyword not found where expected
Statement 56
select sal,count(*) 
from emp group by sal
SAL	COUNT(*)
200	1
300	2
 - 	1

3 rows selected.
Statement 57
select sal,count(*) 
from emp group by sal
SAL	COUNT(*)
200	1
300	2
 - 	1

3 rows selected.
Statement 58
select sal,count(*) as salary 
from emp group by sal
SAL	SALARY
200	1
300	2
 - 	1

3 rows selected.
Statement 59
select * from sal
ID	SAL	SID
201	200	1
202	300	2
203	400	3
204	500	4

4 rows selected.
Statement 60
select sal,count(*) 
from sal group by sal
SAL	COUNT(*)
400	1
200	1
300	1
500	1

4 rows selected.
Statement 61
select count(*)sal from sal
SAL
4
Statement 62
select * from sal
ID	SAL	SID
201	200	1
202	300	2
203	400	3
204	500	4

4 rows selected.
Statement 63
select count(*)id from sal
ID
4
Statement 64
select id,count(*) 
from sal group by sal
ORA-00979: not a GROUP BY expressionselect * from sal  
where id=1
no data found
Statement 21
select * from sal  
where id=201
ID	SAL	SID
201	200	1
Statement 22
select * fro sal where sal>400
ORA-00923: FROM keyword not found where expected
Statement 23
select * fro sal  
group by sal count(*)
ORA-00923: FROM keyword not found where expected
Statement 24
select * fro sal  
count(sal)
ORA-00923: FROM keyword not found where expected
Statement 25
select sal , min(sal) 
from sal group by id
ORA-00979: not a GROUP BY expression
Statement 26
select sal , min(sal) 
from sal
ORA-00937: not a single-group group function
Statement 27
select sal , min(sal) 
from sal
ORA-00937: not a single-group group function
Statement 28
select  min(sal) from sal
MIN(SAL)
200
Statement 29
select  max(sal) from sal
MAX(SAL)
500
Statement 30
select * from student
ORA-00942: table or view does not exist
Statement 31
select * from emp
EMPID	NAME	CITY	SAL
1	lal	up	200
2	ful	mp	300
3	gul	hp	300
4	gon	go	 - 

4 rows selected.
Statement 32
select sal,count(*) from emp
ORA-00937: not a single-group group function
Statement 33
select sal,count(*) from emp group by sal
SAL	COUNT(*)
200	1
300	2
 - 	1

3 rows selected.
Statement 34
select * from emp
EMPID	NAME	CITY	SAL
1	lal	up	200
2	ful	mp	300
3	gul	hp	300
4	gon	go	 - 

4 rows selected.
Statement 35
select empid,count(*) from emp where city='up'
ORA-00937: not a single-group group function
Statement 36
select empid,count(*) from emp 
ORA-00937: not a single-group group function
Statement 37
select sal,count(*) from emp 
ORA-00937: not a single-group group function
Statement 38
select sal,count(*) from emp group  by sal
SAL	COUNT(*)
200	1
300	2
 - 	1

3 rows selected.
Statement 39
select * from emp
EMPID	NAME	CITY	SAL
1	lal	up	200
2	ful	mp	300
3	gul	hp	300
4	gon	go	 - 

4 rows selected.
Statement 40
select name,count(*) from emp
ORA-00937: not a single-group group function
Statement 41
select name,count(*) from emp group emp
ORA-00924: missing BY keyword
Statement 42
select name,count(*) from emp group by emp
ORA-00904: "EMP": invalid identifier
Statement 43
select name,count(*) from emp 
ORA-00937: not a single-group group function
Statement 44
select count(*) 
from emp where 
sal >300
COUNT(*)
0
Statement 45
select count(*) as not_count 
from emp where 
sal >300
NOT_COUNT
0
Statement 46
select name count(*) from emp
ORA-00923: FROM keyword not found where expected
Statement 47
select  count(*)name from emp
NAME
4
Statement 48
select * from emp
EMPID	NAME	CITY	SAL
1	lal	up	200
2	ful	mp	300
3	gul	hp	300
4	gon	go	 - 

4 rows selected.
Statement 49
select count(*)city from emp
CITY
4
Statement 50
select * from emp
EMPID	NAME	CITY	SAL
1	lal	up	200
2	ful	mp	300
3	gul	hp	300
4	gon	go	 - 

4 rows selected.
Statement 51
select count(*)empid from emp
EMPID
4
Statement 52
select count(*) 
from emp where 
sal > 500
COUNT(*)
0
Statement 53
select * from emp
EMPID	NAME	CITY	SAL
1	lal	up	200
2	ful	mp	300
3	gul	hp	300
4	gon	go	 - 

4 rows selected.
Statement 54
select sal count(*) 
from emp group by sal
ORA-00923: FROM keyword not found where expected
Statement 55
select sal count(*), 
from emp group by sal
ORA-00923: FROM keyword not found where expected
Statement 56
select sal,count(*) 
from emp group by sal
SAL	COUNT(*)
200	1
300	2
 - 	1

3 rows selected.
Statement 57
select sal,count(*) 
from emp group by sal
SAL	COUNT(*)
200	1
300	2
 - 	1

3 rows selected.
Statement 58
select sal,count(*) as salary 
from emp group by sal
SAL	SALARY
200	1
300	2
 - 	1

3 rows selected.
Statement 59
select * from sal
ID	SAL	SID
201	200	1
202	300	2
203	400	3
204	500	4

4 rows selected.
Statement 60
select sal,count(*) 
from sal group by sal
SAL	COUNT(*)
400	1
200	1
300	1
500	1

4 rows selected.
Statement 61
select count(*)sal from sal
SAL
4
Statement 62
select * from sal
ID	SAL	SID
201	200	1
202	300	2
203	400	3
204	500	4

4 rows selected.
Statement 63
select count(*)id from sal
ID
4
Statement 64
select id,count(*) 
from sal group by sal
ORA-00979: not a GROUP BY expressionselect * from sal  
where id=1
no data found
Statement 21
select * from sal  
where id=201
ID	SAL	SID
201	200	1
Statement 22
select * fro sal where sal>400
ORA-00923: FROM keyword not found where expected
Statement 23
select * fro sal  
group by sal count(*)
ORA-00923: FROM keyword not found where expected
Statement 24
select * fro sal  
count(sal)
ORA-00923: FROM keyword not found where expected
Statement 25
select sal , min(sal) 
from sal group by id
ORA-00979: not a GROUP BY expression
Statement 26
select sal , min(sal) 
from sal
ORA-00937: not a single-group group function
Statement 27
select sal , min(sal) 
from sal
ORA-00937: not a single-group group function
Statement 28
select  min(sal) from sal
MIN(SAL)
200
Statement 29
select  max(sal) from sal
MAX(SAL)
500
Statement 30
select * from student
ORA-00942: table or view does not exist
Statement 31
select * from emp
EMPID	NAME	CITY	SAL
1	lal	up	200
2	ful	mp	300
3	gul	hp	300
4	gon	go	 - 

4 rows selected.
Statement 32
select sal,count(*) from emp
ORA-00937: not a single-group group function
Statement 33
select sal,count(*) from emp group by sal
SAL	COUNT(*)
200	1
300	2
 - 	1

3 rows selected.
Statement 34
select * from emp
EMPID	NAME	CITY	SAL
1	lal	up	200
2	ful	mp	300
3	gul	hp	300
4	gon	go	 - 

4 rows selected.
Statement 35
select empid,count(*) from emp where city='up'
ORA-00937: not a single-group group function
Statement 36
select empid,count(*) from emp 
ORA-00937: not a single-group group function
Statement 37
select sal,count(*) from emp 
ORA-00937: not a single-group group function
Statement 38
select sal,count(*) from emp group  by sal
SAL	COUNT(*)
200	1
300	2
 - 	1

3 rows selected.
Statement 39
select * from emp
EMPID	NAME	CITY	SAL
1	lal	up	200
2	ful	mp	300
3	gul	hp	300
4	gon	go	 - 

4 rows selected.
Statement 40
select name,count(*) from emp
ORA-00937: not a single-group group function
Statement 41
select name,count(*) from emp group emp
ORA-00924: missing BY keyword
Statement 42
select name,count(*) from emp group by emp
ORA-00904: "EMP": invalid identifier
Statement 43
select name,count(*) from emp 
ORA-00937: not a single-group group function
Statement 44
select count(*) 
from emp where 
sal >300
COUNT(*)
0
Statement 45
select count(*) as not_count 
from emp where 
sal >300
NOT_COUNT
0
Statement 46
select name count(*) from emp
ORA-00923: FROM keyword not found where expected
Statement 47
select  count(*)name from emp
NAME
4
Statement 48
select * from emp
EMPID	NAME	CITY	SAL
1	lal	up	200
2	ful	mp	300
3	gul	hp	300
4	gon	go	 - 

4 rows selected.
Statement 49
select count(*)city from emp
CITY
4
Statement 50
select * from emp
EMPID	NAME	CITY	SAL
1	lal	up	200
2	ful	mp	300
3	gul	hp	300
4	gon	go	 - 

4 rows selected.
Statement 51
select count(*)empid from emp
EMPID
4
Statement 52
select count(*) 
from emp where 
sal > 500
COUNT(*)
0
Statement 53
select * from emp
EMPID	NAME	CITY	SAL
1	lal	up	200
2	ful	mp	300
3	gul	hp	300
4	gon	go	 - 

4 rows selected.
Statement 54
select sal count(*) 
from emp group by sal
ORA-00923: FROM keyword not found where expected
Statement 55
select sal count(*), 
from emp group by sal
ORA-00923: FROM keyword not found where expected
Statement 56
select sal,count(*) 
from emp group by sal
SAL	COUNT(*)
200	1
300	2
 - 	1

3 rows selected.
Statement 57
select sal,count(*) 
from emp group by sal
SAL	COUNT(*)
200	1
300	2
 - 	1

3 rows selected.
Statement 58
select sal,count(*) as salary 
from emp group by sal
SAL	SALARY
200	1
300	2
 - 	1

3 rows selected.
Statement 59
select * from sal
ID	SAL	SID
201	200	1
202	300	2
203	400	3
204	500	4

4 rows selected.
Statement 60
select sal,count(*) 
from sal group by sal
SAL	COUNT(*)
400	1
200	1
300	1
500	1

4 rows selected.
Statement 61
select count(*)sal from sal
SAL
4
Statement 62
select * from sal
ID	SAL	SID
201	200	1
202	300	2
203	400	3
204	500	4

4 rows selected.
Statement 63
select count(*)id from sal
ID
4
Statement 64
select id,count(*) 
from sal group by sal
ORA-00979: not a GROUP BY expressionselect * from sal  
where id=1
no data found
Statement 21
select * from sal  
where id=201
ID	SAL	SID
201	200	1
Statement 22
select * fro sal where sal>400
ORA-00923: FROM keyword not found where expected
Statement 23
select * fro sal  
group by sal count(*)
ORA-00923: FROM keyword not found where expected
Statement 24
select * fro sal  
count(sal)
ORA-00923: FROM keyword not found where expected
Statement 25
select sal , min(sal) 
from sal group by id
ORA-00979: not a GROUP BY expression
Statement 26
select sal , min(sal) 
from sal
ORA-00937: not a single-group group function
Statement 27
select sal , min(sal) 
from sal
ORA-00937: not a single-group group function
Statement 28
select  min(sal) from sal
MIN(SAL)
200
Statement 29
select  max(sal) from sal
MAX(SAL)
500
Statement 30
select * from student
ORA-00942: table or view does not exist
Statement 31
select * from emp
EMPID	NAME	CITY	SAL
1	lal	up	200
2	ful	mp	300
3	gul	hp	300
4	gon	go	 - 

4 rows selected.
Statement 32
select sal,count(*) from emp
ORA-00937: not a single-group group function
Statement 33
select sal,count(*) from emp group by sal
SAL	COUNT(*)
200	1
300	2
 - 	1

3 rows selected.
Statement 34
select * from emp
EMPID	NAME	CITY	SAL
1	lal	up	200
2	ful	mp	300
3	gul	hp	300
4	gon	go	 - 

4 rows selected.
Statement 35
select empid,count(*) from emp where city='up'
ORA-00937: not a single-group group function
Statement 36
select empid,count(*) from emp 
ORA-00937: not a single-group group function
Statement 37
select sal,count(*) from emp 
ORA-00937: not a single-group group function
Statement 38
select sal,count(*) from emp group  by sal
SAL	COUNT(*)
200	1
300	2
 - 	1

3 rows selected.
Statement 39
select * from emp
EMPID	NAME	CITY	SAL
1	lal	up	200
2	ful	mp	300
3	gul	hp	300
4	gon	go	 - 

4 rows selected.
Statement 40
select name,count(*) from emp
ORA-00937: not a single-group group function
Statement 41
select name,count(*) from emp group emp
ORA-00924: missing BY keyword
Statement 42
select name,count(*) from emp group by emp
ORA-00904: "EMP": invalid identifier
Statement 43
select name,count(*) from emp 
ORA-00937: not a single-group group function
Statement 44
select count(*) 
from emp where 
sal >300
COUNT(*)
0
Statement 45
select count(*) as not_count 
from emp where 
sal >300
NOT_COUNT
0
Statement 46
select name count(*) from emp
ORA-00923: FROM keyword not found where expected
Statement 47
select  count(*)name from emp
NAME
4
Statement 48
select * from emp
EMPID	NAME	CITY	SAL
1	lal	up	200
2	ful	mp	300
3	gul	hp	300
4	gon	go	 - 

4 rows selected.
Statement 49
select count(*)city from emp
CITY
4
Statement 50
select * from emp
EMPID	NAME	CITY	SAL
1	lal	up	200
2	ful	mp	300
3	gul	hp	300
4	gon	go	 - 

4 rows selected.
Statement 51
select count(*)empid from emp
EMPID
4
Statement 52
select count(*) 
from emp where 
sal > 500
COUNT(*)
0
Statement 53
select * from emp
EMPID	NAME	CITY	SAL
1	lal	up	200
2	ful	mp	300
3	gul	hp	300
4	gon	go	 - 

4 rows selected.
Statement 54
select sal count(*) 
from emp group by sal
ORA-00923: FROM keyword not found where expected
Statement 55
select sal count(*), 
from emp group by sal
ORA-00923: FROM keyword not found where expected
Statement 56
select sal,count(*) 
from emp group by sal
SAL	COUNT(*)
200	1
300	2
 - 	1

3 rows selected.
Statement 57
select sal,count(*) 
from emp group by sal
SAL	COUNT(*)
200	1
300	2
 - 	1

3 rows selected.
Statement 58
select sal,count(*) as salary 
from emp group by sal
SAL	SALARY
200	1
300	2
 - 	1

3 rows selected.
Statement 59
select * from sal
ID	SAL	SID
201	200	1
202	300	2
203	400	3
204	500	4

4 rows selected.
Statement 60
select sal,count(*) 
from sal group by sal
SAL	COUNT(*)
400	1
200	1
300	1
500	1

4 rows selected.
Statement 61
select count(*)sal from sal
SAL
4
Statement 62
select * from sal
ID	SAL	SID
201	200	1
202	300	2
203	400	3
204	500	4

4 rows selected.
Statement 63
select count(*)id from sal
ID
4
Statement 64
select id,count(*) 
from sal group by sal
ORA-00979: not a GROUP BY expression


*************************************************************************************
select * from lms_book_details;
select count(*)price from lms_book_details;
select price,count(*)
from lms_book_details
group by price;
select author,count(*)
from lms_book_details
group by author;
select author,count(*)
from lms_book_details
--group by author
where price > 410;
select * from lms_book_details;
select count(*) sal
from emp
having count(*) > 12;
